date_commande,frequentation,ca_ttc,nb_commandes,prix_moyen
2017-01-02,158,2163.8,118,13.69493670886076
2017-01-03,246,3366.81,83,13.686219512195121
2017-01-04,152,2160.75,77,14.21546052631579
2017-01-05,209,3074.57,95,14.71086124401914
2017-01-06,286,4269.15,100,14.9270979020979
2017-01-07,327,4813.950000000001,137,14.721559633027525
2017-01-08,174,2653.43,101,15.249597701149424
2017-01-09,151,2320.0200000000004,57,15.364370860927155
2017-01-10,190,2815.31,77,14.817421052631579
2017-01-11,204,2954.1899999999996,95,14.481323529411762
2017-01-12,237,3497.54,123,14.757552742616033
2017-01-13,348,4931.53,136,14.171063218390804
2017-01-14,378,5569.619999999999,137,14.734444444444442
2017-01-15,187,2794.46,31,14.943636363636363
2017-01-16,138,2064.6200000000003,73,14.961014492753625
2017-01-17,206,3026.9500000000003,96,14.693932038834953
2017-01-18,221,3170.7900000000004,86,14.347466063348419
2017-01-19,245,3619.9800000000005,109,14.775428571428574
2017-01-20,340,4939.650000000001,127,14.528382352941177
2017-01-21,360,5122.58,107,14.229388888888888
2017-01-22,246,3645.7100000000005,34,14.819959349593498
2017-01-23,172,2413.98,62,14.034767441860465
2017-01-24,200,2999.81,74,14.99905
2017-01-25,234,3404.07,116,14.547307692307694
2017-01-26,290,4143.5599999999995,127,14.28813793103448
2017-01-27,311,4652.35,101,14.959324758842445
2017-01-28,398,5840.000000000001,129,14.673366834170857
2017-01-29,177,2740.1,36,15.480790960451976
2017-01-30,166,2434.7599999999998,67,14.66722891566265
2017-01-31,170,2528.68,83,14.874588235294116
2017-02-01,158,2235.56,68,14.149113924050633
2017-02-02,227,3034.3900000000003,98,13.367356828193834
2017-02-03,363,4980.04,134,13.719118457300276
2017-02-04,378,5125.9800000000005,120,13.560793650793652
2017-02-05,199,2898.6899999999996,31,14.566281407035174
2017-02-06,191,2770.28,75,14.504083769633509
2017-02-07,199,2892.5400000000004,99,14.535376884422112
2017-02-08,260,3619.9700000000003,126,13.92296153846154
2017-02-09,240,3470.9800000000005,111,14.462416666666668
2017-02-10,351,5131.29,155,14.619059829059829
2017-02-11,347,4984.25,121,14.363832853025936
2017-02-12,178,2627.67,34,14.762191011235956
2017-02-13,216,3150.2,91,14.584259259259259
2017-02-14,318,4615.57,109,14.514371069182388
2017-02-15,218,3204.6400000000003,126,14.700183486238533
2017-02-16,218,3179.68,117,14.585688073394495
2017-02-17,345,4840.33,131,14.029942028985507
2017-02-18,326,4627.16,106,14.193742331288343
2017-02-19,203,2891.8499999999995,31,14.245566502463051
2017-02-20,195,2741.49,72,14.058923076923076
2017-02-21,197,2849.0,101,14.461928934010153
2017-02-22,180,2654.69,103,14.748277777777778
2017-02-23,251,3662.1800000000003,110,14.590358565737054
2017-02-24,320,4640.630000000001,127,14.501968750000003
2017-02-25,292,4179.64,116,14.313835616438357
2017-02-26,225,3345.15,43,14.867333333333335
2017-02-27,176,2546.56,74,14.469090909090909
2017-02-28,191,2940.48,106,15.395183246073298
2017-03-01,471,6141.540000000001,86,13.039363057324843
2017-03-02,255,3819.8700000000003,91,14.979882352941178
2017-03-03,353,5169.589999999999,133,14.644730878186966
2017-03-04,309,4591.76,79,14.860064724919095
2017-03-05,180,2843.9100000000003,16,15.799500000000002
2017-03-06,171,2567.44,65,15.014269005847954
2017-03-07,186,2790.3100000000004,87,15.001666666666669
2017-03-08,274,3986.99,118,14.551058394160583
2017-03-09,218,3101.2100000000005,114,14.225733944954131
2017-03-10,328,4792.929999999999,136,14.612591463414633
2017-03-11,381,5465.650000000001,145,14.345538057742784
2017-03-12,215,3321.91,55,15.450744186046512
2017-03-13,171,2501.38,74,14.62795321637427
2017-03-14,153,2257.42,93,14.75437908496732
2017-03-15,228,3387.8399999999997,104,14.85894736842105
2017-03-16,275,4016.2799999999997,117,14.604654545454544
2017-03-17,311,4656.89,115,14.973922829581994
2017-03-18,384,5831.849999999999,127,15.187109374999999
2017-03-19,257,3947.46,29,15.359766536964981
2017-03-20,180,2708.8300000000004,88,15.049055555555558
2017-03-21,244,3547.9199999999996,116,14.540655737704917
2017-03-22,229,3347.0,120,14.615720524017467
2017-03-23,280,4094.71,135,14.623964285714285
2017-03-24,319,4790.45,129,15.017084639498432
2017-03-25,400,5801.849999999999,105,14.504624999999999
2017-03-26,238,3592.96,52,15.096470588235293
2017-03-27,174,2581.7700000000004,74,14.837758620689657
2017-03-28,169,2517.5299999999997,77,14.89662721893491
2017-03-29,226,3275.3100000000004,100,14.492522123893806
2017-03-30,274,4047.39,136,14.771496350364963
2017-03-31,288,4405.21,119,15.295868055555555
2017-04-01,373,5542.210000000001,122,14.858471849865955
2017-04-02,219,3317.9900000000002,29,15.150639269406394
2017-04-03,200,2895.7100000000005,92,14.478550000000002
2017-04-04,200,2945.1600000000003,91,14.725800000000001
2017-04-05,264,3832.2,117,14.51590909090909
2017-04-06,288,4254.83,110,14.773715277777777
2017-04-07,371,5493.81,128,14.808113207547171
2017-04-08,329,4824.81,112,14.665075987841947
2017-04-09,204,3047.67,33,14.939558823529412
2017-04-10,170,2526.04,67,14.859058823529411
2017-04-11,223,3212.54,106,14.406008968609866
2017-04-12,250,3598.25,126,14.393
2017-04-13,293,4186.280000000001,134,14.287645051194541
2017-04-14,329,4845.84,140,14.728996960486322
2017-04-15,312,4684.089999999999,91,15.013108974358971
2017-04-16,157,2353.19,36,14.988471337579618
2017-04-17,261,3952.7000000000003,51,15.144444444444446
2017-04-18,156,2311.93,60,14.820064102564102
2017-04-19,242,3484.07,103,14.39698347107438
2017-04-20,379,4471.03,106,11.796912928759895
2017-04-21,502,6026.7300000000005,149,12.005438247011954
2017-04-22,532,6278.04,105,11.800827067669173
2017-04-23,204,3076.66,28,15.081666666666665
2017-04-24,178,2608.4100000000003,73,14.653988764044946
2017-04-25,189,2813.3500000000004,91,14.885449735449738
2017-04-26,235,3579.25,107,15.230851063829787
2017-04-27,250,3603.6800000000003,101,14.41472
2017-04-28,305,4448.46,132,14.585114754098361
2017-04-29,266,3944.6800000000003,86,14.829624060150376
2017-04-30,163,2475.99,37,15.190122699386501
2017-05-01,305,4646.599999999999,78,15.234754098360654
2017-05-02,168,2566.96,70,15.279523809523809
2017-05-03,204,2918.7499999999995,82,14.307598039215684
2017-05-04,229,3352.22,104,14.638515283842795
2017-05-05,335,4736.2,135,14.137910447761193
2017-05-06,367,5338.469999999999,112,14.546239782016347
2017-05-07,176,2644.91,41,15.027897727272727
2017-05-08,253,3885.7900000000004,70,15.358853754940712
2017-05-09,190,2803.7200000000003,101,14.75642105263158
2017-05-10,183,2677.4900000000002,91,14.631092896174865
2017-05-11,310,4645.61,104,14.985838709677418
2017-05-12,365,5280.830000000001,150,14.468027397260276
2017-05-13,398,5646.29,144,14.186658291457286
2017-05-14,233,3491.1799999999994,37,14.98360515021459
2017-05-15,220,3199.0,103,14.540909090909091
2017-05-16,203,3029.64,79,14.924334975369458
2017-05-17,174,2421.23,71,13.915114942528735
2017-05-18,192,2814.8899999999994,101,14.660885416666664
2017-05-19,352,4873.469999999999,159,13.845085227272726
2017-05-20,350,5074.2300000000005,125,14.497800000000002
2017-05-21,160,2402.3900000000003,43,15.014937500000002
2017-05-22,174,2509.56,79,14.422758620689654
2017-05-23,186,2761.67,83,14.84768817204301
2017-05-24,268,3771.3,108,14.072014925373136
2017-05-25,232,3412.8,69,14.710344827586209
2017-05-26,217,3089.5400000000004,106,14.237511520737328
2017-05-27,208,3101.79,90,14.912451923076922
2017-05-28,227,3357.9200000000005,47,14.792599118942734
2017-05-29,189,2732.32,91,14.456719576719578
2017-05-30,166,2415.96,66,14.553975903614457
2017-05-31,207,2992.1500000000005,85,14.454830917874398
2017-06-01,251,3730.48,106,14.862470119521912
2017-06-02,230,3400.5699999999997,100,14.785086956521738
2017-06-03,354,5225.98,107,14.762655367231638
2017-06-04,257,3621.8799999999997,52,14.092918287937742
2017-06-05,331,4997.0199999999995,101,15.096737160120844
2017-06-06,121,1737.77,32,14.361735537190082
2017-06-07,197,2904.1200000000003,93,14.741725888324876
2017-06-08,213,3002.2100000000005,96,14.094882629107984
2017-06-09,243,3630.96,97,14.942222222222222
2017-06-10,272,4083.1699999999996,97,15.011654411764704
2017-06-11,209,3024.0499999999997,49,14.46913875598086
2017-06-12,172,2539.7200000000003,87,14.765813953488374
2017-06-13,155,2250.2499999999995,74,14.517741935483867
2017-06-14,263,3630.2700000000004,81,13.803307984790877
2017-06-15,231,3490.63,91,15.110952380952382
2017-06-16,279,3995.6000000000004,122,14.32114695340502
2017-06-17,228,3419.07,77,14.99592105263158
2017-06-18,206,3049.2599999999998,54,14.802233009708736
2017-06-19,179,2740.04,84,15.307486033519552
2017-06-20,178,2601.9,85,14.617415730337079
2017-06-21,196,2783.75,90,14.20280612244898
2017-06-22,211,3028.3100000000004,83,14.352180094786732
2017-06-23,243,3501.5999999999995,90,14.409876543209874
2017-06-24,246,3699.92,72,15.040325203252033
2017-06-25,270,3988.79,69,14.773296296296296
2017-06-26,221,3239.8300000000004,69,14.659864253393668
2017-06-27,202,2879.7,91,14.255940594059405
2017-06-28,216,3153.8199999999997,97,14.601018518518517
2017-06-29,267,3907.3099999999995,127,14.634119850187265
2017-06-30,330,4759.14,157,14.421636363636365
2017-07-01,299,4308.08,100,14.408294314381271
2017-07-02,214,3298.01,37,15.411261682242992
2017-07-03,235,3400.95,92,14.472127659574467
2017-07-04,219,3213.1500000000005,113,14.671917808219181
2017-07-05,262,3769.25,122,14.386450381679388
2017-07-06,230,3237.19,109,14.074739130434782
2017-07-07,242,3515.14,101,14.525371900826446
2017-07-08,230,3423.6600000000003,86,14.885478260869567
2017-07-09,194,2990.68,46,15.415876288659794
2017-07-10,238,3416.6200000000003,97,14.355546218487396
2017-07-11,225,3230.3700000000003,105,14.357200000000002
2017-07-12,234,3352.8999999999996,112,14.328632478632477
2017-07-13,267,3906.2699999999995,121,14.630224719101122
2017-07-14,225,3265.23,72,14.512133333333333
2017-07-15,183,2735.91,61,14.950327868852458
2017-07-16,184,2739.8399999999997,36,14.890434782608693
2017-07-17,222,3242.81,82,14.607252252252252
2017-07-18,179,2675.12,104,14.944804469273743
2017-07-19,226,3278.7000000000003,103,14.507522123893807
2017-07-20,319,4436.59,110,13.90780564263323
2017-07-21,402,5511.4,138,13.709950248756218
2017-07-22,366,4999.29,98,13.659262295081968
2017-07-23,227,3252.08,35,14.326343612334801
2017-07-24,200,2909.39,83,14.546949999999999
2017-07-25,144,3295.3,108,22.884027777777778
2017-07-26,180,2605.95,72,14.4775
2017-07-27,212,3067.36,89,14.468679245283019
2017-07-28,252,3633.59,103,14.419007936507937
2017-07-29,202,3033.8900000000003,81,15.019257425742575
2017-07-30,215,3247.5000000000005,40,15.1046511627907
2017-07-31,207,3091.3999999999996,85,14.934299516908212
2017-08-01,224,3283.7,105,14.659374999999999
2017-08-02,184,2761.65,74,15.008967391304349
2017-08-03,201,2973.29,91,14.792487562189054
2017-08-04,252,3773.75,95,14.975198412698413
2017-08-05,226,3347.36,75,14.81132743362832
2017-08-06,182,2844.5,29,15.62912087912088
2017-08-07,224,3296.3599999999997,108,14.715892857142856
2017-08-08,226,3362.0299999999997,110,14.876238938053095
2017-08-09,222,3227.03,117,14.536171171171173
2017-08-10,229,3382.07,104,14.768864628820962
2017-08-11,304,4520.849999999999,117,14.871217105263156
2017-08-12,220,3291.44,64,14.96109090909091
2017-08-13,187,3000.48,35,16.04534759358289
2017-08-14,208,3073.95,65,14.778605769230769
2017-08-15,247,3756.38,65,15.208016194331984
2017-08-16,183,2703.53,67,14.773387978142077
2017-08-17,289,4180.48,126,14.465328719723182
2017-08-18,289,4132.88,117,14.300622837370243
2017-08-19,287,4253.13,100,14.819268292682928
2017-08-20,236,3462.15,36,14.670127118644068
2017-08-21,198,2892.51,78,14.608636363636364
2017-08-22,207,2962.84,85,14.313236714975845
2017-08-23,202,2985.7300000000005,73,14.780841584158418
2017-08-24,205,3046.8999999999996,94,14.862926829268291
2017-08-25,239,3558.3500000000004,103,14.888493723849374
2017-08-26,190,2768.85,43,14.572894736842105
2017-08-27,209,3184.3,36,15.235885167464115
2017-08-28,214,3140.05,77,14.673130841121496
2017-08-29,208,3037.0200000000004,80,14.601057692307695
2017-08-30,217,3136.7800000000007,96,14.455207373271893
2017-08-31,265,3807.4400000000005,100,14.367698113207549
2017-09-01,319,4566.0,120,14.31347962382445
2017-09-02,305,4525.84,103,14.838819672131148
2017-09-03,241,3666.7400000000002,39,15.214688796680498
2017-09-04,201,2952.84,65,14.690746268656717
2017-09-05,215,3094.2,93,14.391627906976744
2017-09-06,263,3895.4,126,14.811406844106465
2017-09-07,225,3347.6499999999996,100,14.878444444444442
2017-09-08,346,5019.749999999999,128,14.50794797687861
2017-09-09,289,4334.01,77,14.996574394463668
2017-09-10,198,3000.07,30,15.151868686868688
2017-09-11,208,3134.49,93,15.069663461538461
2017-09-12,180,2703.45,80,15.019166666666665
2017-09-13,243,3578.75,106,14.727366255144032
2017-09-14,263,3813.4600000000005,107,14.499847908745249
2017-09-15,276,4015.56,108,14.549130434782608
2017-09-16,371,5433.900000000001,114,14.646630727762805
2017-09-17,222,3306.79,43,14.89545045045045
2017-09-18,198,2895.57,105,14.62409090909091
2017-09-19,195,2884.13,86,14.790410256410256
2017-09-20,200,2948.31,74,14.74155
2017-09-21,346,4980.389999999999,99,14.394190751445086
2017-09-22,376,5478.0199999999995,118,14.569202127659572
2017-09-23,402,5820.419999999999,93,14.478656716417909
2017-09-24,266,4005.8,42,15.059398496240602
2017-09-25,198,2908.03,83,14.687020202020204
2017-09-26,216,3163.43,95,14.645509259259258
2017-09-27,247,3633.15,80,14.70910931174089
2017-09-28,267,3973.0,98,14.880149812734082
2017-09-29,322,4581.28,129,14.227577639751551
2017-09-30,369,5386.749999999999,93,14.598238482384822
2017-10-01,240,3613.1000000000004,39,15.054583333333335
2017-10-02,195,2788.77,64,14.301384615384615
2017-10-03,222,3195.0,92,14.391891891891891
2017-10-04,239,3552.05,74,14.86213389121339
2017-10-05,266,3953.79,109,14.863872180451128
2017-10-06,343,5099.75,95,14.86807580174927
2017-10-07,390,5606.0,129,14.374358974358975
2017-10-08,215,3225.25,27,15.001162790697675
2017-10-09,209,3170.1600000000003,73,15.168229665071772
2017-10-10,254,3840.21,116,15.118937007874015
2017-10-11,281,4173.48,106,14.852241992882561
2017-10-12,248,3698.42,98,14.912983870967743
2017-10-13,373,5461.42,113,14.641876675603218
2017-10-14,416,6158.34,120,14.803701923076924
2017-10-15,236,3667.6,37,15.540677966101695
2017-10-16,209,3061.13,91,14.646555023923446
2017-10-17,256,3812.25,100,14.8916015625
2017-10-18,304,4608.52,98,15.159605263157896
2017-10-19,355,5294.7,136,14.914647887323943
2017-10-20,388,5639.150000000001,165,14.53389175257732
2017-10-21,350,5041.16,120,14.403314285714286
2017-10-22,196,2961.6,33,15.110204081632652
2017-10-23,256,3796.0000000000005,96,14.828125000000002
2017-10-24,205,3040.4500000000003,89,14.831463414634147
2017-10-25,270,3971.61,86,14.709666666666667
2017-10-26,275,4046.2000000000003,110,14.713454545454546
2017-10-27,338,4968.65,133,14.700147928994081
2017-10-28,381,5695.500000000001,106,14.948818897637798
2017-10-29,205,3065.32,33,14.952780487804878
2017-10-30,242,3513.0,102,14.516528925619834
2017-10-31,275,3980.75,103,14.475454545454545
2017-11-01,355,5248.639999999999,77,14.784901408450702
2017-11-02,261,3773.6000000000004,100,14.458237547892722
2017-11-03,270,3818.41,97,14.142259259259259
2017-11-04,583,8922.66,129,15.304734133790737
2017-11-06,208,3065.9,84,14.739903846153847
2017-11-07,181,2740.54,77,15.14110497237569
2017-11-08,235,3428.05,100,14.58744680851064
2017-11-09,292,4353.15,136,14.908047945205478
2017-11-10,394,5734.849999999999,146,14.555456852791878
2017-11-11,414,6186.049999999999,144,14.942149758454104
2017-11-12,221,3278.71,41,14.83579185520362
2017-11-13,203,2849.9800000000005,86,14.039310344827589
2017-11-14,220,3201.3999999999996,86,14.55181818181818
2017-11-15,217,3151.1600000000003,107,14.521474654377881
2017-11-16,251,3508.25,106,13.977091633466136
2017-11-17,362,5284.95,136,14.599309392265193
2017-11-18,440,6356.55,121,14.446704545454546
2017-11-19,239,3567.7,39,14.927615062761506
2017-11-20,214,3139.8199999999997,94,14.672056074766354
2017-11-21,216,3077.45,93,14.247453703703703
2017-11-22,262,3787.4,131,14.455725190839695
2017-11-23,206,3065.94,89,14.883203883495145
2017-11-24,436,5400.6,132,12.386697247706422
2017-11-25,477,5982.950000000001,105,12.542872117400421
2017-11-26,246,3287.51,28,13.363861788617887
2017-11-27,174,2541.35,75,14.605459770114942
2017-11-28,204,2949.92,92,14.460392156862746
2017-11-29,246,3564.96,95,14.491707317073171
2017-11-30,293,4399.8099999999995,122,15.016416382252558
2017-12-01,350,5148.52,142,14.710057142857144
2017-12-02,360,5278.03,97,14.661194444444444
2017-12-03,422,6508.91,72,15.423957345971564
2017-12-04,195,2934.8,87,15.050256410256411
2017-12-05,257,3673.6,84,14.294163424124513
2017-12-06,270,3923.3800000000006,128,14.53103703703704
2017-12-07,268,3882.91,134,14.48847014925373
2017-12-08,433,6232.259999999999,190,14.393210161662816
2017-12-09,533,7702.839999999999,170,14.4518574108818
2017-12-10,509,7496.15,108,14.727210216110018
2017-12-11,239,3498.8500000000004,96,14.639539748953977
2017-12-12,240,3550.7999999999997,106,14.794999999999998
2017-12-13,230,3378.2000000000003,95,14.687826086956523
2017-12-14,257,3801.0499999999997,118,14.790077821011671
2017-12-15,405,5922.99,138,14.624666666666666
2017-12-16,399,5732.14,135,14.366265664160402
2017-12-17,376,5470.2,82,14.548404255319149
2017-12-18,265,3895.35,98,14.69943396226415
2017-12-19,238,3507.1,97,14.735714285714286
2017-12-20,229,3439.5499999999997,94,15.019868995633187
2017-12-21,286,4113.28,133,14.382097902097902
2017-12-22,345,4984.679999999999,144,14.448347826086955
2017-12-23,271,4008.5499999999997,93,14.791697416974168
2017-12-26,185,2892.3999999999996,59,15.634594594594592
2017-12-27,236,3510.6,84,14.875423728813558
2017-12-28,273,3907.32,106,14.312527472527472
2017-12-29,277,4166.509999999999,76,15.041552346570395
2017-12-30,290,4420.66,67,15.243655172413792
2018-01-02,282,4126.860000000001,103,14.634255319148938
2018-01-03,264,4061.1900000000005,99,15.383295454545456
2018-01-04,263,3747.9500000000003,92,14.250760456273765
2018-01-05,302,4246.81,117,14.062284768211923
2018-01-06,330,5016.82,111,15.202484848484847
2018-01-07,197,3081.35,29,15.641370558375634
2018-01-08,154,2364.2500000000005,61,15.35227272727273
2018-01-09,207,3066.4199999999996,99,14.813623188405796
2018-01-10,202,3107.56,88,15.383960396039603
2018-01-11,261,3787.45,113,14.511302681992337
2018-01-12,371,5542.42,142,14.939137466307278
2018-01-13,417,6148.429999999999,159,14.744436450839327
2018-01-14,192,2985.5,34,15.549479166666666
2018-01-15,194,2977.55,79,15.34819587628866
2018-01-16,78,1170.25,69,15.003205128205128
2018-01-17,234,3547.0500000000006,84,15.158333333333337
2018-01-18,276,4110.77,113,14.894094202898552
2018-01-19,349,5228.940000000001,158,14.982636103151867
2018-01-20,451,6738.549999999999,145,14.941352549889134
2018-01-21,238,3679.4,42,15.459663865546219
2018-01-22,170,2517.7,51,14.809999999999999
2018-01-23,199,2974.6,86,14.947738693467336
2018-01-24,231,3492.2,95,15.117748917748917
2018-01-25,255,3930.3100000000004,133,15.412980392156864
2018-01-26,309,4487.25,121,14.521844660194175
2018-01-27,358,5485.150000000001,124,15.321648044692738
2018-01-28,133,2123.2,31,15.96390977443609
2018-01-29,225,3515.9900000000007,103,15.626622222222226
2018-01-30,181,2758.4500000000003,85,15.240055248618786
2018-01-31,234,3537.86,109,15.119059829059829
2018-02-01,276,4095.1000000000004,125,14.837318840579712
2018-02-02,291,4355.21,100,14.966357388316151
2018-02-03,377,5753.3,117,15.260742705570292
2018-02-04,176,2800.9,30,15.914204545454545
2018-02-05,189,2776.1800000000003,94,14.68878306878307
2018-02-06,191,2808.86,93,14.70607329842932
2018-02-07,239,3544.4100000000003,91,14.830167364016738
2018-02-08,300,4358.39,169,14.527966666666668
2018-02-09,370,5718.549999999999,137,15.455540540540538
2018-02-10,441,6923.550000000001,110,15.69965986394558
2018-02-11,254,4039.9,32,15.90511811023622
2018-02-12,237,3450.2099999999996,79,14.55784810126582
2018-02-13,233,3304.2599999999998,82,14.181373390557939
2018-02-14,228,3497.8500000000004,85,15.341447368421054
2018-02-15,305,4605.0,131,15.098360655737705
2018-02-16,310,4623.21,105,14.913580645161291
2018-02-17,343,5175.41,123,15.08865889212828
2018-02-18,248,3916.65,44,15.792943548387097
2018-02-19,195,2898.6,94,14.864615384615384
2018-02-20,168,2514.5499999999997,66,14.967559523809522
2018-02-21,200,2886.6599999999994,84,14.433299999999997
2018-02-22,249,3721.44,112,14.945542168674699
2018-02-23,402,5923.959999999999,130,14.736218905472635
2018-02-24,317,4701.839999999999,88,14.832302839116716
2018-02-25,241,3793.3499999999995,36,15.740041493775932
2018-02-26,136,2091.7500000000005,20,15.380514705882357
2018-02-27,226,3511.91,90,15.539424778761061
2018-02-28,220,3313.7000000000007,83,15.062272727272731
2018-03-01,252,3681.51,100,14.609166666666667
2018-03-02,367,5584.57,131,15.216811989100817
2018-03-03,412,6187.690000000001,136,15.018665048543692
2018-03-04,228,3494.7000000000003,29,15.32763157894737
2018-03-05,238,3561.4,102,14.963865546218488
2018-03-06,201,3018.2200000000003,70,15.016019900497513
2018-03-07,224,3277.65,111,14.632366071428573
2018-03-08,257,3823.5599999999995,109,14.877665369649803
2018-03-09,367,5495.42,131,14.973896457765667
2018-03-10,378,5568.52,108,14.731534391534392
2018-03-11,225,3500.3,34,15.55688888888889
2018-03-12,182,2850.02,76,15.659450549450549
2018-03-13,249,3629.2000000000003,146,14.575100401606427
2018-03-14,300,4264.26,146,14.2142
2018-03-15,300,4293.700000000001,155,14.312333333333335
2018-03-16,377,5462.13,167,14.48840848806366
2018-03-17,403,5948.270000000001,136,14.759975186104223
2018-03-18,222,3259.65,57,14.683108108108108
2018-03-19,170,2635.73,73,15.504294117647058
2018-03-20,228,3467.6499999999996,82,15.208991228070174
2018-03-21,263,3973.0,108,15.106463878326997
2018-03-22,238,3565.0199999999995,101,14.9790756302521
2018-03-23,348,4956.81,145,14.243706896551725
2018-03-24,422,6255.67,127,14.823862559241705
2018-03-25,186,2894.63,46,15.56252688172043
2018-03-26,168,2525.5699999999997,81,15.03315476190476
2018-03-27,175,2734.92,75,15.628114285714286
2018-03-28,186,2812.5499999999997,80,15.121236559139783
2018-03-29,254,3762.98,127,14.814881889763779
2018-03-30,335,5071.35,110,15.138358208955225
2018-03-31,358,5381.67,106,15.032597765363128
2018-04-01,147,2257.98,36,15.360408163265307
2018-04-02,174,2601.7,38,14.952298850574712
2018-04-03,169,2545.11,65,15.059822485207102
2018-04-04,213,3144.81,116,14.764366197183099
2018-04-05,227,3423.1299999999997,94,15.07986784140969
2018-04-06,321,4780.51,149,14.892554517133958
2018-04-07,319,4830.2699999999995,103,15.141912225705328
2018-04-08,182,2809.41,38,15.43631868131868
2018-04-09,181,2650.47,79,14.643480662983425
2018-04-10,212,3136.54,110,14.795
2018-04-11,229,3388.4300000000007,86,14.796637554585157
2018-04-12,216,3192.35,100,14.779398148148148
2018-04-13,340,4962.969999999999,138,14.596970588235292
2018-04-14,225,3479.5900000000006,88,15.464844444444447
2018-04-15,148,2276.3,28,15.380405405405407
2018-04-16,110,1649.5400000000004,53,14.995818181818185
2018-04-17,193,2931.3799999999997,87,15.188497409326423
2018-04-18,152,2249.22,84,14.7975
2018-04-19,167,2389.3,94,14.307185628742516
2018-04-20,216,3177.52,107,14.710740740740741
2018-04-21,204,3100.6800000000003,78,15.199411764705884
2018-04-22,168,2645.51,26,15.747083333333334
2018-04-23,139,2039.9499999999998,68,14.675899280575539
2018-04-24,171,2580.77,77,15.092222222222222
2018-04-25,192,2774.95,95,14.452864583333332
2018-04-26,234,3479.75,112,14.870726495726496
2018-04-27,287,4222.860000000001,107,14.713797909407667
2018-04-28,226,3400.6899999999996,91,15.047300884955751
2018-04-29,165,2471.8500000000004,26,14.980909090909092
2018-04-30,279,4146.63,112,14.86247311827957
2018-05-01,277,4212.05,64,15.205956678700362
2018-05-02,188,2803.2,86,14.910638297872339
2018-05-03,233,3551.0,109,15.240343347639485
2018-05-04,271,3994.76,130,14.740811808118082
2018-05-05,234,3516.8199999999997,89,15.029145299145299
2018-05-06,115,1760.8000000000002,36,15.311304347826088
2018-05-07,196,2822.1399999999994,85,14.398673469387752
2018-05-08,172,2984.94,57,17.354302325581397
2018-05-09,231,3383.5999999999995,149,14.647619047619045
2018-05-10,237,3482.6,69,14.694514767932489
2018-05-11,254,3803.0400000000004,107,14.972598425196852
2018-05-12,275,4078.8199999999993,78,14.832072727272724
2018-05-13,175,2717.5800000000004,33,15.529028571428574
2018-05-14,195,3017.7500000000005,93,15.475641025641028
2018-05-15,198,2789.100000000001,110,14.086363636363641
2018-05-16,184,2715.9099999999994,98,14.760380434782606
2018-05-17,206,2970.2499999999995,109,14.418689320388347
2018-05-18,291,4346.5,117,14.936426116838488
2018-05-19,218,3222.02,81,14.779908256880734
2018-05-20,175,2712.01,43,15.497200000000001
2018-05-21,258,3896.6599999999994,94,15.103333333333332
2018-05-22,158,2378.0699999999997,82,15.051075949367087
2018-05-23,176,2527.33,89,14.359829545454545
2018-05-24,183,2676.98,91,14.628306010928961
2018-05-25,254,3801.9799999999996,98,14.968425196850392
2018-05-26,237,3691.17,109,15.574556962025317
2018-05-27,200,3024.33,51,15.121649999999999
2018-05-28,224,3373.5699999999997,75,15.060580357142856
2018-05-29,237,3541.4300000000007,110,14.942742616033758
2018-05-30,221,3343.0099999999998,106,15.126742081447963
2018-05-31,240,3529.02,110,14.70425
2018-06-01,344,5165.79,140,15.016831395348838
2018-06-02,256,3816.8499999999995,84,14.909570312499998
2018-06-03,184,2830.5500000000006,44,15.383423913043481
2018-06-04,182,2748.26,97,15.100329670329671
2018-06-05,188,2887.49,74,15.358989361702127
2018-06-06,249,3709.03,131,14.89570281124498
2018-06-07,234,3403.9799999999996,111,14.546923076923076
2018-06-08,287,4349.24,116,15.154146341463413
2018-06-09,220,3509.6000000000004,98,15.952727272727275
2018-06-10,185,2855.77,39,15.436594594594595
2018-06-11,202,3087.41,83,15.28420792079208
2018-06-12,159,2376.2499999999995,78,14.944968553459116
2018-06-13,230,3484.9900000000007,98,15.152130434782611
2018-06-14,197,2935.83,91,14.902690355329948
2018-06-15,318,4546.000000000001,132,14.295597484276733
2018-06-16,284,4184.91,67,14.735598591549294
2018-06-17,188,2760.97,44,14.686010638297871
2018-06-18,133,1938.68,68,14.576541353383458
2018-06-19,159,2302.82,86,14.48314465408805
2018-06-20,219,3280.19,78,14.978036529680365
2018-06-21,201,2999.6200000000003,82,14.923482587064678
2018-06-22,319,4684.15,109,14.68385579937304
2018-06-23,270,3958.7499999999995,86,14.662037037037035
2018-06-24,171,2584.5899999999997,42,15.11456140350877
2018-06-25,143,2200.91,70,15.39097902097902
2018-06-26,185,2692.1699999999996,94,14.552270270270268
2018-06-27,158,2384.25,81,15.090189873417721
2018-06-28,224,3340.2999999999997,105,14.91205357142857
2018-06-29,268,3820.23,139,14.254589552238807
2018-06-30,241,3691.68,84,15.31817427385892
2018-07-01,132,1982.2000000000003,33,15.01666666666667
2018-07-02,170,2502.22,84,14.718941176470587
2018-07-03,191,2820.9199999999996,111,14.769214659685861
2018-07-04,137,1998.85,57,14.59014598540146
2018-07-05,210,3157.9,84,15.037619047619048
2018-07-06,303,4604.54,173,15.196501650165017
2018-07-07,202,2982.97,79,14.767178217821781
2018-07-08,162,2454.88,39,15.153580246913581
2018-07-09,157,2325.4700000000003,85,14.811910828025479
2018-07-10,190,2803.49,105,14.755210526315789
2018-07-11,225,3258.3799999999997,110,14.481688888888888
2018-07-12,183,2681.0600000000004,94,14.650601092896178
2018-07-13,227,3533.7899999999995,96,15.56735682819383
2018-07-14,217,3308.0700000000006,79,15.24456221198157
2018-07-15,218,3416.02,77,15.669816513761468
2018-07-16,172,2573.9999999999995,68,14.965116279069765
2018-07-17,154,2318.49,72,15.05512987012987
2018-07-18,191,2927.3100000000004,70,15.32623036649215
2018-07-19,209,3076.46,102,14.719904306220096
2018-07-20,221,3235.4599999999996,98,14.640090497737555
2018-07-21,208,3132.9599999999996,80,15.06230769230769
2018-07-22,155,2395.6000000000004,34,15.455483870967745
2018-07-23,115,1717.6200000000001,46,14.935826086956522
2018-07-24,136,2007.0600000000002,65,14.75779411764706
2018-07-25,134,2033.6499999999999,71,15.176492537313433
2018-07-26,149,2176.03,85,14.604228187919464
2018-07-27,156,2382.57,75,15.272884615384616
2018-07-28,173,2585.8100000000004,74,14.946878612716766
2018-07-29,130,1934.02,40,14.877076923076922
2018-07-30,176,2643.49,82,15.019829545454543
2018-07-31,202,2938.6600000000003,85,14.54782178217822
2018-08-01,142,2140.86,69,15.076478873239438
2018-08-02,194,2906.78,87,14.98340206185567
2018-08-03,193,2841.81,112,14.72440414507772
2018-08-04,149,2212.83,67,14.851208053691275
2018-08-05,139,2124.3,32,15.282733812949642
2018-08-06,184,2785.57,75,15.138967391304348
2018-08-07,145,2211.23,76,15.249862068965518
2018-08-08,193,2949.1600000000003,109,15.280621761658033
2018-08-09,214,3124.7100000000005,109,14.601448598130844
2018-08-10,248,3757.43,126,15.150927419354838
2018-08-11,197,3017.25,89,15.315989847715736
2018-08-12,159,2433.5,51,15.30503144654088
2018-08-13,208,3101.42,105,14.910673076923077
2018-08-14,195,2904.6700000000005,109,14.895743589743592
2018-08-15,202,3096.3100000000004,86,15.328267326732675
2018-08-16,201,2934.62,115,14.600099502487561
2018-08-17,291,4420.61,129,15.191099656357387
2018-08-18,211,3192.1200000000003,89,15.128530805687205
2018-08-19,149,2231.77,47,14.978322147651006
2018-08-20,157,2212.96,81,14.095286624203823
2018-08-21,135,2026.4200000000003,74,15.01051851851852
2018-08-22,174,2507.9900000000002,102,14.41373563218391
2018-08-23,164,2381.73,96,14.522743902439025
2018-08-24,186,2720.7400000000002,107,14.627634408602152
2018-08-25,172,2537.3100000000004,74,14.751802325581398
2018-08-26,111,1663.94,42,14.990450450450451
2018-08-27,198,2852.0599999999995,107,14.404343434343431
2018-08-28,181,2727.95,89,15.071546961325966
2018-08-29,237,3475.590000000001,128,14.664936708860765
2018-08-30,235,3461.93,123,14.731617021276595
2018-08-31,303,4504.09,159,14.864983498349835
2018-09-01,223,3267.94,85,14.654439461883408
2018-09-02,182,2772.76,57,15.234945054945056
2018-09-03,217,3241.07,86,14.935806451612905
2018-09-04,168,2458.7,86,14.635119047619046
2018-09-05,191,2817.64,93,14.752041884816753
2018-09-06,205,3088.74,99,15.067024390243901
2018-09-07,297,4380.66,150,14.74969696969697
2018-09-08,238,3522.5800000000004,79,14.80075630252101
2018-09-09,145,2163.46,44,14.920413793103448
2018-09-10,156,2262.7000000000003,78,14.504487179487182
2018-09-11,191,2918.8799999999997,79,15.282094240837695
2018-09-12,187,2659.94,92,14.22427807486631
2018-09-13,213,3158.2100000000005,109,14.827276995305166
2018-09-14,281,4274.7,135,15.212455516014234
2018-09-15,270,4107.77,102,15.213962962962965
2018-09-16,154,2396.87,42,15.564090909090908
2018-09-17,135,2025.2,78,15.001481481481482
2018-09-18,155,2357.9699999999993,81,15.212709677419351
2018-09-19,199,3124.33,101,15.700150753768844
2018-09-20,170,2568.34,93,15.107882352941177
2018-09-21,281,4087.1299999999997,117,14.54494661921708
2018-09-22,256,3905.2000000000003,100,15.254687500000001
2018-09-23,143,2307.9200000000005,64,16.1393006993007
2018-09-24,149,2188.8900000000003,75,14.69053691275168
2018-09-25,179,2691.72,91,15.03754189944134
2018-09-26,179,2690.37,86,15.03
2018-09-27,219,3255.59,100,14.865707762557077
2018-09-28,263,3888.5299999999997,126,14.785285171102661
2018-09-29,212,3133.44,96,14.780377358490567
2018-09-30,162,2529.28,49,15.612839506172842
2018-10-01,167,2501.7000000000003,93,14.980239520958085
2018-10-02,160,2423.4100000000003,86,15.146312500000002
2018-10-03,148,2196.37,69,14.840337837837836
2018-10-04,194,2898.5899999999997,106,14.941185567010308
2018-10-05,250,3675.29,134,14.70116
2018-10-06,249,3545.8199999999997,134,14.24024096385542
2018-10-07,139,2171.3,47,15.620863309352519
2018-10-08,158,2358.54,94,14.92746835443038
2018-10-09,152,2084.4199999999996,97,13.713289473684208
2018-10-10,171,2533.0099999999998,102,14.812923976608186
2018-10-11,201,2970.1300000000006,119,14.776766169154232
2018-10-12,272,4026.6499999999996,154,14.803860294117646
2018-10-13,249,3721.88,110,14.947309236947792
2018-10-14,140,2152.12,36,15.372285714285713
2018-10-15,114,1758.25,79,15.423245614035087
2018-10-16,139,2009.29,87,14.455323741007193
2018-10-17,240,3398.05,182,14.158541666666668
2018-10-18,223,3145.2099999999996,156,14.104080717488788
2018-10-19,266,3834.4600000000005,156,14.415263157894739
2018-10-20,244,3592.2400000000002,100,14.722295081967214
2018-10-21,130,1929.08,42,14.839076923076922
2018-10-22,122,1813.78,86,14.867049180327868
2018-10-23,172,2538.3,85,14.757558139534884
2018-10-24,203,3072.06,115,15.133300492610838
2018-10-25,202,2806.3999999999996,115,13.893069306930691
2018-10-26,253,3539.9300000000003,126,13.991818181818182
2018-10-27,191,2764.5600000000004,89,14.474136125654452
2018-10-28,156,2369.6400000000003,56,15.190000000000001
2018-10-29,152,2243.4999999999995,88,14.759868421052628
2018-10-30,213,3172.7400000000002,120,14.89549295774648
2018-10-31,224,3282.88,108,14.655714285714286
2018-11-01,290,4264.259999999999,88,14.704344827586205
2018-11-02,268,3790.62,128,14.14410447761194
2018-11-03,222,3259.0699999999997,94,14.680495495495494
2018-11-04,184,2801.76,50,15.226956521739131
2018-11-05,144,2182.75,90,15.15798611111111
2018-11-06,164,2493.8199999999997,100,15.206219512195121
2018-11-07,148,2144.25,86,14.488175675675675
2018-11-08,162,2280.2799999999997,106,14.075802469135802
2018-11-09,284,4099.909999999999,135,14.436302816901405
2018-11-10,293,4369.53,82,14.913071672354947
2018-11-11,265,4019.78,80,15.168981132075473
2018-11-12,152,2260.98,95,14.874868421052632
2018-11-13,177,2682.81,102,15.157118644067797
2018-11-14,192,2777.4199999999996,112,14.465729166666664
2018-11-15,181,2593.12,110,14.326629834254144
2018-11-16,247,3587.8500000000004,136,14.525708502024292
2018-11-17,297,4249.099999999999,117,14.306734006734004
2018-11-18,213,3199.17,75,15.019577464788732
2018-11-19,159,2334.16,112,14.680251572327043
2018-11-20,178,2586.61,127,14.531516853932585
2018-11-21,208,2947.85,121,14.17235576923077
2018-11-22,181,2597.5,107,14.350828729281767
2018-11-23,262,3822.9999999999995,138,14.591603053435113
2018-11-24,277,3929.8700000000003,124,14.187256317689531
2018-11-25,177,2562.9100000000003,67,14.479717514124296
2018-11-26,102,1480.49,65,14.514607843137256
2018-11-27,239,3487.2,105,14.590794979079497
2018-11-28,231,3363.73,135,14.561601731601732
2018-11-29,267,3846.639999999999,122,14.406891385767786
2018-11-30,283,4092.09,127,14.459681978798587
2018-12-01,306,4423.31,109,14.455261437908497
2018-12-02,271,4017.92,69,14.826273062730628
2018-12-03,170,2524.12,92,14.847764705882351
2018-12-04,162,2300.4700000000003,112,14.200432098765434
2018-12-05,188,2807.0600000000004,102,14.93117021276596
2018-12-06,253,3761.5699999999993,132,14.867865612648218
2018-12-07,379,5643.01,180,14.889208443271768
2018-12-08,426,6233.35,191,14.632276995305165
2018-12-09,366,5497.2,135,15.01967213114754
2018-12-10,186,2767.13,91,14.877043010752688
2018-12-11,170,2578.8999999999996,105,15.169999999999998
2018-12-12,202,3101.15,112,15.352227722772279
2018-12-13,215,3410.42,133,15.862418604651163
2018-12-14,225,3505.55,113,15.580222222222224
2018-12-15,266,4028.4300000000003,113,15.144473684210528
2018-12-16,255,4060.3199999999997,74,15.922823529411763
2018-12-17,184,2746.6499999999996,118,14.927445652173912
2018-12-18,183,2620.3,117,14.31857923497268
2018-12-19,219,3324.4299999999994,125,15.180045662100454
2018-12-20,209,3384.4800000000005,104,16.193684210526317
2018-12-21,287,4450.05,150,15.505400696864113
2018-12-22,195,3053.27,97,15.657794871794872
2018-12-23,141,2217.1499999999996,53,15.72446808510638
2018-12-26,143,2250.04,72,15.734545454545454
2018-12-27,238,3559.55,109,14.95609243697479
2018-12-28,200,2938.28,93,14.691400000000002
2018-12-29,172,2677.2999999999997,80,15.565697674418603
2018-12-30,201,3132.71,65,15.585621890547264
2019-01-01,271,4250.55,73,15.684686346863469
2019-01-02,180,2938.54,82,16.325222222222223
2019-01-03,173,2759.18,98,15.949017341040461
2019-01-04,235,3788.5900000000006,128,16.121659574468087
2019-01-05,180,2962.0499999999997,70,16.45583333333333
2019-01-06,199,3177.21,55,15.965879396984924
2019-01-07,119,1886.1999999999998,60,15.850420168067226
2019-01-08,121,1876.0500000000002,70,15.504545454545456
2019-01-09,180,2803.6799999999994,98,15.575999999999997
2019-01-10,164,2557.1499999999996,82,15.592378048780485
2019-01-11,235,3700.56,103,15.747063829787233
2019-01-12,269,4117.18,108,15.305501858736061
2019-01-13,184,2878.67,66,15.644945652173913
2019-01-14,75,1139.72,60,15.196266666666666
2019-01-15,159,2405.15,82,15.126729559748428
2019-01-16,196,2969.05,106,15.148214285714287
2019-01-17,220,3253.9900000000002,128,14.790863636363637
2019-01-18,291,4584.9400000000005,146,15.755807560137459
2019-01-19,263,4113.959999999999,112,15.642433460076042
2019-01-20,249,3900.6099999999997,67,15.665100401606425
2019-01-21,160,2647.06,85,16.544125
2019-01-22,202,3118.6299999999997,109,15.438762376237623
2019-01-23,209,3331.06,99,15.938086124401913
2019-01-24,191,2927.88,107,15.329214659685864
2019-01-25,278,4318.94,109,15.535755395683452
2019-01-26,284,4578.1,88,16.120070422535214
2019-01-27,263,4217.57,62,16.036387832699617
2019-01-28,140,2147.82,57,15.341571428571429
2019-01-29,192,2931.95,95,15.270572916666666
2019-01-30,227,3590.0599999999995,105,15.815242290748897
2019-01-31,248,3852.58,107,15.534596774193549
2019-02-01,327,5269.59,122,16.114954128440367
2019-02-02,257,4041.6099999999997,110,15.726108949416341
2019-02-03,141,2442.51,32,17.32276595744681
2019-02-04,158,2417.81,84,15.30259493670886
2019-02-05,226,3381.2300000000005,91,14.961194690265488
2019-02-06,276,4171.0,112,15.11231884057971
2019-02-07,248,3825.36,95,15.42483870967742
2019-02-08,383,5955.9400000000005,141,15.550757180156658
2019-02-09,319,4878.75,109,15.293887147335424
2019-02-10,314,4823.280000000001,62,15.360764331210193
2019-02-11,180,2776.2,89,15.423333333333332
2019-02-12,164,2527.6400000000003,86,15.412439024390245
2019-02-13,223,3495.47,107,15.6747533632287
2019-02-14,264,3883.3100000000004,176,14.709507575757577
2019-02-15,284,4380.32,126,15.423661971830985
2019-02-16,288,4494.259999999999,134,15.605069444444442
2019-02-17,305,4745.400000000001,116,15.558688524590165
2019-02-18,216,3374.8500000000004,114,15.624305555555557
2019-02-19,163,2439.3700000000003,96,14.965460122699389
2019-02-20,193,3027.86,84,15.68839378238342
2019-02-21,188,2906.9399999999996,106,15.462446808510636
2019-02-22,282,4236.77,154,15.024007092198584
2019-02-23,231,3600.6400000000003,81,15.587186147186149
2019-02-24,247,3864.0,98,15.643724696356275
2019-02-25,210,3215.1400000000003,101,15.310190476190478
2019-02-26,186,2908.67,95,15.638010752688173
2019-02-27,219,3301.85,121,15.076940639269406
2019-02-28,271,4010.9900000000007,130,14.800701107011072
2019-03-01,412,5984.509999999999,165,14.525509708737863
2019-03-02,300,4466.290000000001,88,14.887633333333337
2019-03-03,282,4052.5199999999995,97,14.370638297872338
2019-03-04,185,2619.2400000000002,84,14.158054054054055
2019-03-05,200,3198.1499999999996,82,15.990749999999998
2019-03-06,224,3269.52,78,14.59607142857143
2019-03-07,221,3425.9500000000003,110,15.502036199095024
2019-03-08,358,5615.88,153,15.6868156424581
2019-03-09,255,4050.0,110,15.882352941176471
2019-03-10,199,3103.4,61,15.594974874371859
2019-03-11,172,2709.79,68,15.754593023255813
2019-03-12,165,2505.7999999999997,83,15.186666666666666
2019-03-13,215,3335.3900000000003,82,15.513441860465118
2019-03-14,234,3581.45,99,15.30534188034188
2019-03-15,310,4814.54,144,15.530774193548387
2019-03-16,325,5134.85,134,15.799538461538463
2019-03-17,269,4149.349999999999,97,15.425092936802972
2019-03-18,184,2842.7,81,15.44945652173913
2019-03-19,191,2985.7499999999995,106,15.632198952879579
2019-03-20,211,3186.2999999999993,113,15.100947867298574
2019-03-21,236,3774.3500000000004,109,15.993008474576273
2019-03-22,292,4561.0,140,15.61986301369863
2019-03-23,258,4059.75,116,15.73546511627907
2019-03-24,258,4082.56,93,15.823875968992247
2019-03-25,168,2652.46,76,15.788452380952382
2019-03-26,234,3521.2999999999997,93,15.048290598290597
2019-03-27,266,4139.07,104,15.560413533834586
2019-03-28,313,4780.280000000001,117,15.272460063897766
2019-03-29,361,5505.009999999999,132,15.2493351800554
2019-03-30,291,4628.919999999999,109,15.90694158075601
2019-03-31,260,4064.48,82,15.632615384615384
2019-04-01,136,2067.96,85,15.205588235294117
2019-04-02,202,3082.46,125,15.25970297029703
2019-04-03,211,3266.5099999999998,115,15.481090047393364
2019-04-04,243,3770.75,121,15.517489711934155
2019-04-05,289,4478.56,134,15.496747404844292
2019-04-06,279,4086.83,106,14.648136200716845
2019-04-07,171,2661.4500000000003,48,15.564035087719299
2019-04-08,141,2073.96,72,14.708936170212766
2019-04-09,227,3461.3699999999994,124,15.248325991189425
2019-04-10,270,4031.24,153,14.930518518518518
2019-04-11,212,3186.95,122,15.032783018867924
2019-04-12,325,5031.53,144,15.481630769230769
2019-04-13,338,5212.089999999999,124,15.420384615384613
2019-04-14,284,4461.37,83,15.709049295774648
2019-04-15,157,2479.0499999999997,74,15.79012738853503
2019-04-16,209,3311.4,91,15.844019138755982
2019-04-17,210,3208.87,99,15.280333333333333
2019-04-18,227,3474.4199999999996,93,15.305814977973567
2019-04-19,261,4041.2399999999993,141,15.483678160919538
2019-04-20,197,3141.500000000001,99,15.946700507614217
2019-04-21,163,2528.1,63,15.509815950920245
2019-04-22,320,5009.33,129,15.65415625
2019-04-23,190,2827.0,88,14.878947368421052
2019-04-24,265,3665.44,81,13.831849056603774
2019-04-25,274,3897.84,104,14.225693430656936
2019-04-26,366,5412.099999999999,112,14.787158469945354
2019-04-27,307,4746.250000000001,112,15.46009771986971
2019-04-28,316,5040.47,70,15.950854430379747
2019-04-29,192,2837.9799999999996,107,14.781145833333332
2019-04-30,180,2781.65,89,15.453611111111112
2019-05-01,380,6003.170000000001,110,15.797815789473686
2019-05-02,204,3039.9500000000003,97,14.90171568627451
2019-05-03,291,4457.88,129,15.31917525773196
2019-05-04,221,3278.7,97,14.83574660633484
2019-05-05,203,3248.7799999999997,50,16.00384236453202
2019-05-06,227,3603.82,92,15.875859030837006
2019-05-07,167,2559.6200000000003,75,15.327065868263475
2019-05-08,287,4430.58,85,15.437560975609756
2019-05-09,204,3097.2000000000003,90,15.182352941176472
2019-05-10,267,4180.03,111,15.655543071161048
2019-05-11,233,3622.61,94,15.547682403433477
2019-05-12,233,3628.41,76,15.572575107296137
2019-05-13,186,2869.31,86,15.426397849462365
2019-05-14,205,3261.5200000000004,104,15.909853658536587
2019-05-15,207,3342.7400000000007,109,16.14850241545894
2019-05-16,184,2819.11,84,15.321250000000001
2019-05-17,303,4644.099999999999,150,15.327062706270626
2019-05-18,255,3764.55,92,14.762941176470589
2019-05-19,314,4910.859999999999,115,15.639681528662416
2019-05-20,176,2670.1500000000005,104,15.17130681818182
2019-05-21,207,3157.19,106,15.252125603864734
2019-05-22,182,2842.6499999999996,86,15.618956043956041
2019-05-23,213,3319.3,110,15.583568075117372
2019-05-24,281,4080.4299999999994,137,14.521103202846973
2019-05-25,232,3693.0299999999997,120,15.918232758620688
2019-05-26,212,3436.39,86,16.20938679245283
2019-05-27,165,2585.22,82,15.668
2019-05-28,222,3313.5,107,14.925675675675675
2019-05-29,237,3586.35,119,15.132278481012658
2019-05-30,292,4401.7699999999995,86,15.074554794520546
2019-05-31,246,3735.55,106,15.185162601626017
2019-06-01,197,2976.21,57,15.10766497461929
2019-06-02,191,3063.6900000000005,72,16.040261780104714
2019-06-03,174,2664.3900000000003,84,15.312586206896553
2019-06-04,160,2443.1099999999997,93,15.269437499999999
2019-06-05,137,2179.85,77,15.911313868613139
2019-06-06,215,3178.25,118,14.782558139534883
2019-06-07,269,4076.87,113,15.155650557620817
2019-06-08,174,2669.62,65,15.342643678160918
2019-06-09,229,3413.7999999999997,70,14.907423580786025
2019-06-10,265,4142.63,122,15.632566037735849
2019-06-11,173,2629.31,111,15.198323699421964
2019-06-12,206,3090.4700000000003,117,15.00228155339806
2019-06-13,183,2782.0,97,15.202185792349727
2019-06-14,256,4073.52,117,15.9121875
2019-06-15,224,3532.26,84,15.769017857142858
2019-06-16,216,3373.3999999999996,86,15.61759259259259
2019-06-17,177,2649.98,99,14.971638418079095
2019-06-18,165,2592.0299999999997,88,15.709272727272726
2019-06-19,195,3124.7800000000007,99,16.024512820512825
2019-06-20,204,3090.8,110,15.150980392156864
2019-06-21,249,4158.150000000001,118,16.699397590361446
2019-06-22,193,3072.23,78,15.918290155440415
2019-06-23,183,2871.63,71,15.691967213114754
2019-06-24,130,2013.28,71,15.48676923076923
2019-06-25,111,1671.52,56,15.058738738738738
2019-06-26,141,2151.23,55,15.256950354609929
2019-06-27,132,2081.34,60,15.767727272727274
2019-06-28,167,2550.02,74,15.269580838323353
2019-06-29,173,2685.78,90,15.524739884393064
2019-06-30,182,2854.92,79,15.686373626373626
2019-07-01,153,2488.29,96,16.263333333333332
2019-07-02,199,2929.9500000000003,103,14.723366834170855
2019-07-03,7,146.0,5,20.857142857142858
